<?xml version="1.0" encoding="utf-8" ?>
<dwsync>
<file name="Accessories.html" server="deepad.sgedu.site/www/" local="131164981179408982" remote="131164462200000000" Dst="0" />
<file name="Beauty.html" server="deepad.sgedu.site/www/" local="131164962794987230" remote="131164462200000000" Dst="0" />
<file name="about.html" server="deepad.sgedu.site/www/" local="131164972160407449" remote="131164462200000000" Dst="0" />
<file name="Cmain.css" server="deepad.sgedu.site/www/" local="131164981968524330" remote="131164462200000000" Dst="0" />
<file name="contact.html" server="deepad.sgedu.site/www/" local="131164978643588526" remote="131164462200000000" Dst="0" />
<file name="hair_style.html" server="deepad.sgedu.site/www/" local="131164981684124196" remote="131164462200000000" Dst="0" />
<file name="index.html" server="deepad.sgedu.site/www/" local="131164904908660028" remote="131164462200000000" Dst="0" />
<file name="nail.html" server="deepad.sgedu.site/www/" local="131164964835674135" remote="131164462200000000" Dst="0" />
<file name="plan.html" server="deepad.sgedu.site/www/" local="131163906460000000" remote="131164462200000000" Dst="0" />
<file name="Services.html" server="deepad.sgedu.site/www/" local="131164927334630922" remote="131164462200000000" Dst="0" />
<file name="plan.png.png" server="deepad.sgedu.site/www/" local="131163902460000000" remote="131164462200000000" Dst="0" />
</dwsync>