<?xml version="1.0" encoding="utf-8" ?>
<dwsync>
<file name="1.jpg_256" server="siteground278.com/public_html/" local="131157288380000000" remote="131157239400000000" Dst="0" />
<file name="abc.jpg" server="siteground278.com/public_html/" local="131157422600000000" remote="131157239400000000" Dst="0" />
<file name="a.jpg" server="siteground278.com/public_html/" local="131156870820000000" remote="131157239400000000" Dst="0" />
<file name="bride_hair.jpg" server="siteground278.com/public_html/" local="131154374260000000" remote="131157239400000000" Dst="0" />
<file name="nails.jpg" server="siteground278.com/public_html/" local="131154437420000000" remote="131157239400000000" Dst="0" />
<file name="necklace.jpg" server="siteground278.com/public_html/" local="131154385300000000" remote="131157240000000000" Dst="0" />
<file name="1.jpg_256" server="10.250.0.9//" local="131157288380000000" remote="131163918600000000" Dst="0" />
<file name="a.jpg" server="10.250.0.9//" local="131156870820000000" remote="131163918600000000" Dst="0" />
<file name="abc.jpg" server="10.250.0.9//" local="131157422600000000" remote="131163918600000000" Dst="0" />
<file name="bride_hair.jpg" server="10.250.0.9//" local="131154374260000000" remote="131163918600000000" Dst="0" />
<file name="hair4.jpeg" server="10.250.0.9//" local="131163461220000000" remote="131163918600000000" Dst="0" />
<file name="jj11.jpg" server="10.250.0.9//" local="131163463600000000" remote="131163918600000000" Dst="0" />
<file name="jv2.jpg" server="10.250.0.9//" local="131163455980000000" remote="131163918600000000" Dst="0" />
<file name="nail.jpg" server="10.250.0.9//" local="131163458060000000" remote="131163918600000000" Dst="0" />
<file name="nails.jpg" server="10.250.0.9//" local="131154437420000000" remote="131163918600000000" Dst="0" />
<file name="necklace.jpg" server="10.250.0.9//" local="131154385300000000" remote="131163918600000000" Dst="0" />
<file name="1.jpg_256" server="deepad.sgedu.site/www/" local="131157288380000000" remote="131164459200000000" Dst="0" />
<file name="abc.jpg" server="deepad.sgedu.site/www/" local="131157422600000000" remote="131164459200000000" Dst="0" />
<file name="a.jpg" server="deepad.sgedu.site/www/" local="131156870820000000" remote="131164459200000000" Dst="0" />
<file name="banner1.jpg" server="deepad.sgedu.site/www/" local="131164324280000000" remote="131164459200000000" Dst="0" />
<file name="fb.png" server="deepad.sgedu.site/www/" local="130247112000000000" remote="131164459200000000" Dst="0" />
<file name="google.png" server="deepad.sgedu.site/www/" local="131164288460000000" remote="131164459200000000" Dst="0" />
<file name="bride_hair.jpg" server="deepad.sgedu.site/www/" local="131154374260000000" remote="131164459200000000" Dst="0" />
<file name="jv2.jpg" server="deepad.sgedu.site/www/" local="131163455980000000" remote="131164459800000000" Dst="0" />
<file name="logo22.png" server="deepad.sgedu.site/www/" local="131164984104155109" remote="131164459800000000" Dst="0" />
<file name="jj11.jpg" server="deepad.sgedu.site/www/" local="131163463600000000" remote="131164459800000000" Dst="0" />
<file name="hair4.jpeg" server="deepad.sgedu.site/www/" local="131163461220000000" remote="131164459800000000" Dst="0" />
<file name="logo23.png" server="deepad.sgedu.site/www/" local="131164232620000000" remote="131164459800000000" Dst="0" />
<file name="nail.jpg" server="deepad.sgedu.site/www/" local="131163458060000000" remote="131164459800000000" Dst="0" />
<file name="twt.png" server="deepad.sgedu.site/www/" local="131164287520000000" remote="131164459800000000" Dst="0" />
<file name="nails.jpg" server="deepad.sgedu.site/www/" local="131154437420000000" remote="131164459800000000" Dst="0" />
<file name="necklace.jpg" server="deepad.sgedu.site/www/" local="131154385300000000" remote="131164459800000000" Dst="0" />
</dwsync>